description,hashtags,date_posted,views,likes,comments_count,shares,video_url,country,comments
#thisishalloween #pumpkin #halloween #spookyseason #gloomyday #fall #rain #autumnmood #autumn #autumnvibes #fyp #fyppppppppppppppppppppppp #leaves #fypage ,"thisishalloween, pumpkin, halloween, spookyseason, gloomyday, fall, rain, autumnmood, autumn, autumnvibes, fyp, fyppppppppppppppppppppppp, leaves, fypage",2024-04-25 22:24:57,5700000,1200000,5634,94000,https://www.tiktok.com/@cozyautumnseason/video/7361918773248527648,Unknown,"I wish I lived in a place with moody vibrant Halloween weather and not sad brown Halloween weather; liking to stay on halloween tiktok; I wish I lived in a town where people take Halloween seriously, like decor everywhere, everyone dresses up, the vibes are there ğŸ˜­ğŸ˜”; Commenting to stay on Halloween TikTok; We're halfway to Halloween again!!!"
Halloween is already 93 days away ğŸƒğŸ‘»ğŸ‚ğŸ’€#halloween #spookyseason #spooky #halloweencountdown #fall #autumn #halloweendecor #halloweenlook #foryou #halloweenaesthetic #falldecor #FYP #fallcountdown #fallaesthetic #autumnaesthetic ,"halloween, spookyseason, spooky, halloweencountdown, fall, autumn, halloweendecor, halloweenlook, foryou, halloweenaesthetic, falldecor, fyp, fallcountdown, fallaesthetic, autumnaesthetic",2024-07-31 11:42:29,2200000,269400,3095,26000,https://www.tiktok.com/@halloweendecountd/video/7397748481990872366,Unknown,"my fyp:
summer 2%
Christmas 100%
Halloween 50%; team HalloweenğŸ‘‡; Commenting to stay on Halloween tok; i love spooky season ğŸƒğŸ‘»ğŸ§¡ğŸ˜; Im islam but I like The vibes"
Halloween Ambience created using Midjourney for images and Luma Dreqm Machine and Runway Gen-2 for video.  #nostalgic #nostalgiacore #dreamcore #90s #80s #2000 #halloween #halloweencore #nostalgia #memories #vibes #aesthetic #fall #october #autumntok #falltok #fyp #midjourney #LumaDreamMachine,"nostalgic, nostalgiacore, dreamcore, 90s, 80s, 2000, halloween, halloweencore, nostalgia, memories, vibes, aesthetic, fall, october, autumntok, falltok, fyp, midjourney, lumadreammachine",2024-06-20 01:47:41,3100000,395400,2076,32800,https://www.tiktok.com/@artful.algorithms/video/7382380712084737326,Unknown,One of the best Halloween vibes video Iâ€™ve seen!!; I got so happy until I found out it was AIğŸ’€; Halloween AI is my fave; Commenting to stay on Halloween Tok ğŸ˜ğŸƒğŸ‘»; AI Halloween just hits differentğŸ˜
#ireland #dublin #halloween #2023,"ireland, dublin, halloween, 2023",2023-10-31 12:18:48,29200000,975400,8982,56000,https://www.tiktok.com/@_life_in_ireland_/video/7296080502954478881,Unknown,I love Halloween ğŸ‘»ğŸƒ; alright I'll go to Ireland for Halloween next year..; halloween FOREVER; Yâ€™all go all out for Halloween. Love it!; please what is Halloween all about?
#jackskellington #jack #elextraÃ±omundodejack #nightmarebeforechristmas #thenightmarebeforechristmas #timburton #halloween #estoeshalloween #homedepot ,"jackskellington, jack, elextraÃ±omundodejack, nightmarebeforechristmas, thenightmarebeforechristmas, TimBurton, halloween, estoeshalloween, homedepot",2024-07-24 07:48:33,5000000,525100,2213,56900,https://www.tiktok.com/@alexduran010/video/7395090622983474438,Unknown,"ğŸ‚ğŸ‘»ğŸ˜ğŸƒcommenting to stay on Halloween tiktokğŸƒğŸ˜ğŸ‘»ğŸ‚; i need to stay on this side of tiktok; that's cool ğŸƒğŸƒğŸ’€; i love it. also, why did i look up where i can buy it even tho i live in an apartment lol; thunder was a paid actor"
"Spooktacular Halloween in the heart of the concrete jungle! New York City comes alive with eerie excitement, from haunted houses to costume parades. Join the thrill-seekers and experience Halloween like never before in the city that never sleeps ğŸƒğŸ‘»ğŸ’€ #halloween #newyork #nyc #newyorkcity","halloween, newyork, nyc, newyorkcity",2023-10-08 02:55:16,389000,44600,191,3253,https://www.tiktok.com/@cinema_sb/video/7287400219648478496,Unknown,it's fantastico Halloween in New York â¤ï¸; I'm going to New York for Halloween and I would like to find an attraction do you know to visit horror houses? THANKS; Un sogno; commenting to stay on fall tiktok; I wanna live there too :(
86 DAYS!!! ğŸƒğŸ‘»#halloween #fyp #fyppppppppppppppppppppppp #dc #viral #viralvideo #halloween2024 ,"halloween, fyp, fyppppppppppppppppppppppp, dc, viral, viralvideo, halloween2024",2024-08-06 17:32:33,2800000,418300,7193,49000,https://www.tiktok.com/@xzusqaxx/video/7400065197206965536,Unknown,My country don't celebrate Halloween ğŸ˜”ğŸ˜­; Itâ€™s my birthday on Halloween; l'unica cosa brutta Ã¨ che dura poco; amo le vibes di ottobre soprattutto di Halloween; QUANTO AMO STI TIK TOK
Happy Halloween ğŸƒ Saved the scariest look for last! Hope you've enjoyed 'Sophie Hannahween' | ib: @Holly Murray Makeup @Charlotte Roberts #insidious #insidiousmovie #insidiousmakeup #scarymakeup #halloween ,"insidious, insidiousmovie, insidiousmakeup, scarymakeup, halloween",2023-10-31 18:17:55,10900000,363300,1605,6641,https://www.tiktok.com/@sophiehannah/video/7296173056253234465,Unknown,why did I wanted to cry when you put the thingy in your eyesğŸ˜­ğŸ˜­; I AM LITERALLY ADDICTED TO INSIDIOUS THIS MADE ME DO EXCITED; Dammmm this was scaryyyy gooood ğŸ˜©ğŸ¥²ğŸ˜­ğŸ˜­ğŸ˜­ğŸ˜­ğŸ˜­; My eyes ğŸ˜±ğŸ˜±ğŸ˜±; who is here in 2024
ğŸ˜³ğŸ–¤ #halloweenmakeup #halloween2022 #bÃ¶Ã¶ ,"halloweenmakeup, Halloween2022, bÃ¶Ã¶",2022-10-29 17:11:21,14200000,329800,1220,3252,https://www.tiktok.com/@tugcedmr61/video/7159967653614882054,Unknown,Can you do tereffier?; PensÃ© que era hashirama ğŸ˜’ğŸ˜’ğŸ’”ğŸ’”; ğŸ˜³ğŸ˜³genial; Ostras me a soprendidoğŸ¥°ğŸ¥°; que genial
#halloween #happyhalloween #tiktok ,"halloween, happyhalloween, tiktok",2023-10-27 22:44:10,76700,1500,19,1655,https://www.tiktok.com/@renata.361/video/7294757340241267973,Unknown,Muito lindo ğŸ¥°ğŸ¥°ğŸ¥°ğŸ¥°â¤ï¸â¤ï¸â¤ï¸; ğŸ¤£ğŸ¤£ğŸ¤£ e lÃ¡ vamos nÃ³s ğŸ¤£ğŸ¤£ğŸ¤£ğŸ¤£ğŸ‘ğŸ‘ğŸ‘ğŸ‘ğŸ‘ğŸ‘ğŸ™ğŸ™ğŸ™; ğŸ¥°ğŸ¥°ğŸ¤£ğŸ¤£ğŸ¤£ğŸ‘ğŸ‘; @ğŸ‘ï¸â€¢cuppieâ€¢ğŸ‘ï¸ @ğŸ€S C R I B B L EğŸ€ â€¢ Friends @ğ’œğ’¹ğ’¶ ğŸ’‹; @
Code orange season is right around the corner ğŸƒğŸ‘»ğŸ‚ğŸ’€#halloween #halloweencountdown #spookyseason #foryou #halloweendecor #halloweenaesthetic #halloweenlook #spookyseason #foryou #fall #falldecor #FYP #fallaesthetic ,"halloween, halloweencountdown, spookyseason, foryou, halloweendecor, halloweenaesthetic, halloweenlook, fall, falldecor, fyp, fallaesthetic",2024-07-13 07:23:51,351600,65700,688,3891,https://www.tiktok.com/@halloweendecountd/video/7391002278188043563,Unknown,halloween is life; commenting to stay on Halloween tt; I canâ€™t wait for Halloween ğŸƒ but where can I buy good Halloween stuff ?; COMMENTING TO STAY ON HALLOWEEN TOK ğŸ‚ğŸ‘»; Commenting to stay on fall TikTok
my room decorated in Halloween ğŸƒğŸ‘» #halloween #halloween2024 #halloweenathome #room #decoration #pourtoi #foryou ,"halloween, halloween2024, halloweenathome, room, decoration, pourtoi, foryou",2024-09-15 12:41:24,1400000,115500,1699,3819,https://www.tiktok.com/@prxtty..aesthxticx/video/7414833591185689889,Unknown,Commenting to stay on halloween tiktok; My country doesnt celebrate Halloween ğŸ˜­ğŸ˜­ğŸ˜­; commenting to stay on halloween tok ğŸ‚ğŸğŸƒğŸ‘»; Commenting to stay on Halloween Tik tok; Amo este lado de tiktokğŸ˜­ğŸŒ·
Cheesecloth ghosts! A fun and easy Halloween diy you can do with your kids! ğŸ‘»ğŸƒ **Supplies are linked in my Amazon Storefront (in my bio) under â€œFall/Halloweenâ€ (pumpkin came from Target dollar section) #cheeseclothghost #halloweendiy #halloweendecor #easyhalloweendecor #halloweenwithkids #halloweencraft #halloweenfun #asmrsounds #asmrcrafting #asmrhalloween ,"cheeseclothghost, halloweendiy, halloweendecor, easyhalloweendecor, halloweenwithkids, halloweencraft, halloweenfun, asmrsounds, asmrcrafting, asmrhalloween",2023-08-25 16:09:16,10500000,746700,2238,131600,https://www.tiktok.com/@lifewithlainee/video/7271277170314677550,Unknown,I canâ€™t wait for Halloween this year ğŸ‘»; YES KEEP ME ON THE HALLOWEEN FYP; commenting to stay on Halloween tok ğŸƒğŸƒğŸƒ; I do not celebrate Halloween but these are absolutely adorable; so cute ğŸ¥º
Who are you vibing with? ğŸ¤¡ğŸˆ@jeremyolenski @michaelmyersoftiktok_ @ghostfacepapi #horrortok #halloween,"horrortok, halloween",2021-10-28 15:02:21,22900000,1500000,13200,120500,https://www.tiktok.com/@twistedpennywise/video/7024117245655715077,Unknown,"ellos en las peliculas:ğŸ‘¹â˜ ï¸ğŸ’€ğŸ‘¿
ellos en la vida real:ğŸ˜ğŸ˜‹ğŸ˜„ğŸ˜‚ğŸ’–ğŸ˜‡; Penny is actually 4â€™3ğŸ˜‚ğŸ˜‚ğŸ˜‚ğŸ˜‚; ghostface is King; WAAAAAAZAAAAAA ğŸ‘»ğŸ“; Jason wouldâ€™ve pulled this all together. Any Jason fans?"
17 dias para Juawilin ğŸ’€ğŸƒ #halloween2023 #jackskellington #halloween #elextraÃ±omundodejack #nayellymakeup #yellymakeup #makeup #tiktokhalloween #makeuphalloween ,"halloween2023, jackskellington, halloween, elextraÃ±omundodejack, nayellymakeup, yellymakeup, makeup, tiktokhalloween, makeuphalloween",2023-10-14 19:58:39,21400000,225400,463,2675,https://www.tiktok.com/@nayellymakeup/video/7289890578995678470,Unknown,que creativa muy padre este maquillaje ğŸ¤—ğŸ‘; How does the paint taste?; 2 dÃ­as para halloween; it's 2o23; en mi cole no van a celebrar x q se murio un chofer
my #halloween costume for this year #halloweenlook #harleyquinn ,"halloween, halloweenlook, harleyquinn",2023-10-29 12:48:45,1000000,29000,244,1758,https://www.tiktok.com/@cezaracristescu/video/7295346065681796385,Unknown,Omg I LOVE!! Where did you get the shorts for this costume?? Iâ€™ve been looking for a good pair everywhere for my Halloween costume this year; where are the shorts from?ğŸ˜; esti superba ğŸ˜!; Where are the shorts from; where can i find those shortsss
Who will be our next #HalloweenNeverEnds transformarion series character? ğŸ¤” Do you love Pennywise? #pennywise #tiktokhalloween #halloweentiktok #learnitontiktok #sfxtutorial ,"halloweenneverends, pennywise, tiktokhalloween, halloweentiktok, LearnItOnTikTok, sfxtutorial",2022-10-27 03:46:47,1000000,32600,179,254,https://www.tiktok.com/@imprincedeguzman/video/7159018131250220315,Unknown,do terrifier; ğŸ˜‚; ja morant plssğŸ˜; ğŸ¥°ğŸ¥°ğŸ¥°; ğŸ˜ğŸ˜ğŸ˜ğŸ˜
Halloween 2021 ğŸƒ @jeffalbuja_eventos #personajes #halloween #halloween2021  #viral #tiktok #guayaquil #ecuador,"personajes, halloween, halloween2021, viral, tiktok, guayaquil, ecuador, tiktokhalloween",2021-10-15 20:00:57,5100000,206500,945,8077,https://www.tiktok.com/@jeffalbuja_eventos/video/7019370089082359045,Unknown,Ameeeeeee ğŸ¥°; I'm not to the Halloween; ğŸ˜³ğŸ˜³ğŸ˜³; ğŸ˜³ğŸ˜³ğŸ˜³; ğŸŒ¸ğŸŒ¸ğŸŒ¸
#stitch with @chloe she wins #trickortreat #fyp #foryou ,"stitch, trickortreat, fyp, foryou",2023-11-02 22:02:08,1300000,35700,256,23400,https://www.tiktok.com/@newswithasb/video/7296973011997986081,Unknown,My mouth drop omg; nah why does this remind me of dtiğŸ˜­; Brotha uh uh; LAWD have mercy ğŸ˜­; Whereâ€™s my pad?! Oh there it is!
This is the scariest outfit I have ever seen ğŸ˜³ (credit: @xolisa_mariexo) #memezar #foryou #fyp #viral #halloween #october #scary,"memezar, foryou, fyp, viral, halloween, october, scary",2020-09-14 00:04:02,38400000,1600000,13400,81500,https://www.tiktok.com/@memezar/video/6872111899228507393,Unknown,It would scare me to wear that; dont give 2020 more idea meh; This is my gf when she hasnâ€™t gotten my attention all day; That thing is probably like 500 dollars lol; J-J-J Jason Derulo
truque fÃ¡cil pro halloween ğŸ’€ o que acharam?  ib: @Conluzycolor #halloween #halloweenmakeup ,"halloween, halloweenmakeup",2023-10-15 21:36:28,27100000,1400000,3303,82600,https://www.tiktok.com/@livianhezoto_/video/7290286865603677445,Unknown,"pensÃ© que era Doris ğŸ¥¹ğŸ¥º; You look like liz gillies aka jade from victorious; mine would never look that good. lol; @DorisJocelynğŸ¦© pensÃ© que era ella ğŸ˜»ğŸ˜»ğŸ˜»ğŸ˜»; se parece a la de dinastÃ­a, Elizabeth Gillies"
#CapCut  Halloween â€¢ Cute Horror Song - PERITUNE,capcut,2023-10-31 21:58:33,149700,2598,31,672,https://www.tiktok.com/@riquerock80/video/7296229922643758342,Unknown,l Love Halloween ğŸƒğŸ˜; I finally found it! Thanks; ğŸƒğŸƒ spooky ğŸƒğŸƒ; ğŸ¥°; bonitoâ¤ï¸â¤ï¸
#HeidiKlum doing the wormâ€¦as a worm ğŸ¤£ We cannot make this up. #heidihalloween2022 #halloween #heidihalloween #worm ,"heidiklum, heidihalloween2022, halloween, heidihalloween, worm",2022-11-01 04:41:40,27700000,1300000,10500,29300,https://www.tiktok.com/@gma/video/7160887667616533802,Unknown,I refuse to believe Heidi Klum is inside there; what makes Heidi Klum special from other models is that she has a very good sense of humour and she does not take her so serious. ğŸ¥°; She took â€œWould you still love me if I was a worm? ğŸ¥ºâ€ to a whole nother level; My claustrophobia could never; Und wie war die Party? Keine Ahnung - hab so rum gelegen ğŸª±
HAPPY HALLOWEEN ğŸƒ  Do you like my nails??? #StemDrop001 #foryou #foryoupage #fyp #viral #duet ,"StemDrop001, foryou, foryoupage, fyp, viral, duet",2022-10-31 17:21:52,25600000,143000,3375,10500,https://www.tiktok.com/@evagore_/video/7160712534821965062,Unknown,"me when I draw hands; solo busquÃ© HeHa; solo busque ""epa lore"" ğŸ˜­; Dibujantes haciendo una mano; that one artists drawing of a hand"
Carnaval Theme 1. ğŸ¤¡  Halloween aux usa ğŸ‡ºğŸ‡¸  #detroit #pourtoi #halloween #decoration #horror ,"detroit, pourtoi, halloween, decoration, horror",2023-10-12 15:49:22,5600000,276800,2572,30900,https://www.tiktok.com/@jade_nadn/video/7289084163053931809,Unknown,Beh Ã¨ in America ci credo che fanno cosÃ¬ invece qua in Italia non si sa nemmeno wuando Ã¨ Halloween; Love when people get this creative for Halloween well done; halloween in America ğŸ˜»; I canâ€™t wait to have a house so I can do this ğŸ˜©; Io che ho paura dei clown:ğŸ’€
Decorate with me for Halloween ğŸ‘» added a few new things this yearğŸ§¡ğŸ–¤ #halloweendecor #halloweendecorations #decoratewithme #frontporchdecor #halloweenfrontporch #halloweenfrontyard ,"halloweendecor, halloweendecorations, decoratewithme, frontporchdecor, halloweenfrontporch, halloweenfrontyard",2023-10-06 23:06:11,4300000,366100,1578,11400,https://www.tiktok.com/@bridget_kane/video/7286970174710811947,Unknown,Commenting Halloween tick-tockâ€™sâœŒï¸âœŒï¸; You donâ€™t understand how much I miss 2023 halloweenğŸ˜­; Staying on Halloween tik tok #1; Commenting to stay on Halloween tiktok; Pls keep me on Halloween TikTok
Ğ´ĞµĞºĞ¾Ñ€ Ğ½Ğ° Ñ…ĞµĞ»Ğ»Ğ¾ÑƒĞ¸Ğ½ ğŸ¦‡ğŸ•·ï¸ğŸƒ #halloween #halloweendiy #halloweendecor #halloweenishere #Ñ…ĞµĞ»Ğ»Ğ¾ÑƒĞ¸Ğ½ #Ğ´ĞµĞºĞ¾ #Ñ…Ğ¾Ñ‡ÑƒĞ²Ñ€ĞµĞº #fypã‚· #foryou ,"halloween, halloweendiy, halloweendecor, halloweenishere, Ñ…ĞµĞ»Ğ»Ğ¾ÑƒĞ¸Ğ½, Ğ´ĞµĞºĞ¾, Ñ…Ğ¾Ñ‡ÑƒĞ²Ñ€ĞµĞº, fypã‚·, foryou",2022-10-23 17:40:36,3900000,244100,1305,14300,https://www.tiktok.com/@iamneelly/video/7157748677493263622,Unknown,commenting to stay on halloween tt even though itâ€˜s summer; People in 2024? ğŸƒğŸ‘»; Itâ€™s summer and Iâ€™m watching this in my Halloween Pyjamas with a pumpkin teddy; PLS HELP ME!! I DONT REMEMBER THE NAME OFF THE MOVIE BUT THE INTRO IS LIKE THIS â€œIn a holiday worldâ€ AND THEN THERE IS SOMETHING ABOUT MONSTERS; its begining to look a lot like christmas
Tbt de mi disfraz del aÃ±o pasado #halloween #custom #caperucitaroja #disfraces #spookyseason ,"halloween, custom, caperucitaroja, disfraces, spookyseason",2023-10-19 22:30:52,3000000,144700,260,8427,https://www.tiktok.com/@andychermi/video/7291785228706729221,Unknown,this was basically me @Charlotte; @Brenn'Ali yo; Sam ?; Sabes? Con tu pelo cobrizo me dio vibras de cherry blossom de riverdale vestida de caperusa ameâ¤ï¸ğŸ˜‚; la pareja de atrÃ¡s âœ¨
Halloween La La LağŸƒ,,2022-10-15 17:30:11,18000000,658700,1796,1799,https://www.tiktok.com/@kat_longoria/video/7154777292168826113,Unknown,Bro behind the sense ur all green? ğŸ˜‚; Super; what. ğŸ˜; Ohio makeup; Me: I wanna be Halloween for Halloween/ what Iâ€™m picturing in my headğŸ˜­
A big Scary Pumpkin . ğŸƒ #scarypumpkin #HalloweenVideo #Halloweenparty #HapyHalloween #horror #horrorfunnyvideo #foryoupage #foryou #horrorcommunity #spooky #horrorcartoon #ğŸƒ ,"scarypumpkin, halloweenvideo, halloweenparty, hapyhalloween, horror, horrorfunnyvideo, foryoupage, foryou, horrorcommunity, spooky, horrorcartoon, ğŸƒ",2023-04-14 12:29:43,96700,798,12,90,https://www.tiktok.com/@halloweenparty/video/7221866303391304965,Unknown,Easy just give me a Terra blade and a set of turtle or mythril armor; why does my 2 year old love this video ğŸ˜³; ğŸ˜‚ğŸ˜‚ğŸ˜‚ğŸ˜‚; ahğŸ˜¶â€ğŸŒ«ï¸; ğŸ˜ğŸ˜ğŸ˜
