description,hashtags,date_posted,views,likes,video_url,comments
Fried Chicken Smashburger!? #banginbuns #losangelesfood #foodies #fastfood #foodtiktok #foryou #lunch,"banginbuns, losangelesfood, foodies, fastfood, foodtiktok, foryou, lunch",2024-05-09 19:38:01,5700000,839000,https://www.tiktok.com/@1hourlunchbreak/video/7367070949994138923,try goulash; That looks soooo good!!; GIMME DAT; This dude food always lookin hella good; why donâ€™t we have anything like this in aus. so sad
"MÃ¬ cay Äƒn cÃ¹ng má»±c chiÃªn giÃ²n, má»±c cuá»™n náº¥m kim chÃ¢m sá»‘t cayğŸ¥‚ğŸ¥‚ #asmrchill14 #mukbang #mukbangvideo #mukbangkorea #mukbangs #mukbangeatingshow #asmrmukbang #xuhuong #viral #asmrmukbangfood #viralvideo #food #ssoyoung #ssoyoungmukbang ","asmrchill14, mukbang, mukbangvideo, mukbangkorea, mukbangs, mukbangeatingshow, asmrmukbang, xuhuong, viral, asmrmukbangfood, viralvideo, food, ssoyoung, ssoyoungmukbang",2024-02-24 11:48:40,7200000,351700,https://www.tiktok.com/@asmrchill14/video/7339118614886321409,Iâ€™m fastingğŸ¥².; who else is watching with an empty stomach; What are these sauces; Do you have to eat those if the taste is too spicy?; happy
"wingstop feast!ğŸ¤© I got all my favorite flavors: hot honey rub, garlic parm & original hotğŸ˜‹ @OLIPOP #olipoppartner #wingstop #wingstopmukbang #wingstopchickentenders #wingstopranch #chickentenders #asmr #mukbang #asmrmukbang #food ","olipoppartner, wingstop, wingstopmukbang, wingstopchickentenders, wingstopranch, chickentenders, asmr, mukbang, asmrmukbang, food",2024-06-02 23:59:00,34100000,2800000,https://www.tiktok.com/@claudiaeatsgood/video/7376044271041875242,i want wingstop so bad rn itâ€™s not even funny; i want wingstop so bad that i might actually throw a tantrum; I want wingstop here in the Philippines rn! ğŸ˜­ğŸ˜”; THE RANCHğŸ˜­; Why would u spill the sauce ğŸ˜­
#mukbang #viral #fypã‚·ã‚šviral #eatingshow #trendtoday #spicyfood #spice ,"mukbang, viral, fypã‚·ã‚šviral, eatingshow, trendtoday, spicyfood, spice",2024-05-30 10:57:14,14600000,311700,https://www.tiktok.com/@oppa_foodie/video/7374729546353921313,"him: No reaction
also him the whole time: ğŸ˜ ; canâ€™t let gng know i fw this; He takes it like a good boy; Bro eight the golden ticket; iâ€™m too high for tsğŸ˜­ğŸ™"
Ä°sveÃ§ KÃ¼tÃ¼k Ocakta Dana Bonfile ğŸªµğŸ¥©  #meatlovers #outdoorcooking #outdor #survival #bushcraft #nature #wild #mountains #natural #food #cooking #foodvideos #asmr #relax #hungry #doÄŸadayaÅŸam #asmrvideos #adventures ,"meatlovers, outdoorcooking, outdor, survival, bushcraft, nature, wild, mountains, natural, food, cooking, foodvideos, asmr, relax, hungry, doÄŸadayaÅŸam, asmrvideos, adventures",2023-08-20 17:15:44,196400000,12300000,https://www.tiktok.com/@karadenizli.maceraci/video/7269438914363002118,"bro actually cooked the steakâ‰ï¸â‰ï¸â‰ï¸â‰ï¸; well done steak. that's how it should be, not when it's still mooing; I saw well cooked steak for the first time on tiktok ğŸ˜³ğŸ™‚; Imagine making such a good meal then cooking the steak twice.; well done steak. that's how it should be, not when it's still mooing"
#food #mukbang #Eat #fyp #fypã‚· #foryou #foryoupage #delicious #pork ,"food, mukbang, eat, fyp, fypã‚·, foryou, foryoupage, delicious, pork",2024-04-03 17:18:31,26300000,613600,https://www.tiktok.com/@wsh18131e3q/video/7353691296143265067,you guys eat the rope?; No be ponmo be this ??; y eating the rubber ban?; Aucun commentaire en franÃ§ais mais jâ€™ai une question et la corde lÃ ; Who noticed the rope
#tiktokfood ,tiktokfood,2023-08-09 06:47:12,34100000,2600000,https://www.tiktok.com/@bayashi.tiktok/video/7265194994498047239,where jk commentğŸ˜ğŸ˜•; i didn't find jk's commentğŸ˜­; jk is hungry ğŸ˜…ğŸ˜‚; jk followed you; Jungkook knows who is following a good choice ğŸ‘ğŸ‘ğŸ¥°ğŸ¥°ğŸ¥°
#tiktokfood #asmr ,"tiktokfood, asmr",2023-08-31 12:15:48,44600000,3000000,https://www.tiktok.com/@bayashi.tiktok/video/7273443551810292994,it's not bayashi without the cheese ğŸ˜Œ; imagine him being your dad; This man is still doing it his heart is stronger than anything; How is this guy verified and not @Zach Choi; does this hurt the chicken
#delicious #foodtiktok #food #fyp #viral #mukbang ,"delicious, foodtiktok, food, fyp, viral, mukbang",2023-11-15 14:08:37,5600000,58200,https://www.tiktok.com/@funny_yuki628/video/7301675085314690336,Why cook frogsğŸ˜­; @Elle I was looking for asmr vids and this came up ğŸ˜­; im speechless; Jimmy Nooooo; no ways
Ã‡amurda Dana Kaburga ğŸ¥© Cooking beef ribs in mud soil  #outdoors #outdoorcooking #food #cooking #camping #crunch #hungry #relax #nature #survival #bushcraft #outdoor #meatlovers #foodporn #asmrvideos #asmrvideo #steak #wild ,"Outdoors, outdoorcooking, food, cooking, camping, crunch, hungry, relax, nature, survival, bushcraft, outdoor, meatlovers, foodporn, asmrvideos, asmrvideo, steak, wild",2024-04-27 17:21:07,46500000,2500000,https://www.tiktok.com/@karadenizli.maceraci/video/7362582681516854534,Bro even did a bench press mid cookğŸ’€; Wo sind die deutschen die das um 1 Uhr nachts sehen und es umbedingt essen wollen ğŸ˜‚; Nara Smith could never; man you are swimming it's very cold man; Zubereitungszeit 4 bis 5 wochen
